{"count":1,"self":30.3965888,"total":30.419273699999998,"children":{"AgentResetIfDone":{"count":1477,"self":0.0014043,"total":0.0014043,"children":null},"AgentSendState":{"count":1477,"self":0.020284899999999998,"total":0.020284899999999998,"children":{"CollectObservations":{"count":1477,"self":0,"total":0,"children":null}}}}}