{"count":1,"self":16.8111008,"total":16.914217,"children":{"AgentResetIfDone":{"count":786,"self":0.010484,"total":0.010484,"children":null},"AgentSendState":{"count":786,"self":0.004007,"total":0.010435,"children":{"CollectObservations":{"count":79,"self":0.006428,"total":0.006428,"children":null}}},"DecideAction":{"count":786,"self":0.009108999999999999,"total":0.009108999999999999,"children":null},"AcademyStep":{"count":786,"self":0.001671,"total":0.001671,"children":null},"AgentAct":{"count":786,"self":0.070001,"total":0.070001,"children":null}}}