{"count":1,"self":4.9756832,"total":4.991976,"children":{"AgentResetIfDone":{"count":203,"self":0.003196,"total":0.003196,"children":null},"AgentSendState":{"count":203,"self":0.00232,"total":0.002738,"children":{"CollectObservations":{"count":21,"self":0.00041799999999999997,"total":0.00041799999999999997,"children":null}}},"DecideAction":{"count":203,"self":0.0029319999999999997,"total":0.0029319999999999997,"children":null},"AcademyStep":{"count":203,"self":0.00067999999999999994,"total":0.00067999999999999994,"children":null},"AgentAct":{"count":203,"self":0.005311,"total":0.005311,"children":null}}}