{"count":1,"self":0.90452599999999994,"total":0.91549799999999992,"children":{"AgentResetIfDone":{"count":3,"self":0.00049699999999999994,"total":0.00049699999999999994,"children":null},"AgentSendState":{"count":3,"self":0.001478,"total":0.002923,"children":{"CollectObservations":{"count":7,"self":0.0014449999999999999,"total":0.0014449999999999999,"children":null}}},"DecideAction":{"count":3,"self":0.00066,"total":0.00066,"children":null},"AcademyStep":{"count":3,"self":0.0012209999999999999,"total":0.0012209999999999999,"children":null},"AgentAct":{"count":3,"self":0.0040079999999999994,"total":0.0040079999999999994,"children":null}}}