{"count":1,"self":56.271871999999995,"total":56.3024059,"children":{"AgentResetIfDone":{"count":2763,"self":0.0091506,"total":0.0091506,"children":null},"AgentSendState":{"count":2763,"self":0.0026462,"total":0.0043057999999999994,"children":{"CollectObservations":{"count":277,"self":0.0016596,"total":0.0016596,"children":null}}},"DecideAction":{"count":2763,"self":0.0079613,"total":0.0079613,"children":null},"AcademyStep":{"count":2763,"self":0.00092289999999999994,"total":0.00092289999999999994,"children":null},"AgentAct":{"count":2763,"self":0.0071960999999999995,"total":0.0071960999999999995,"children":null}}}