{"count":1,"self":15.521942399999999,"total":15.533316099999999,"children":{"AgentResetIfDone":{"count":733,"self":0.0041082,"total":0.0041082,"children":null},"AgentSendState":{"count":733,"self":0.0052764,"total":0.0062708,"children":{"CollectObservations":{"count":733,"self":0.00099439999999999988,"total":0.00099439999999999988,"children":null}}}}}