{"count":1,"self":5.2038208,"total":5.211319,"children":{"AgentResetIfDone":{"count":226,"self":0.002875,"total":0.002875,"children":null},"AgentSendState":{"count":226,"self":0.00069299999999999993,"total":0.00069299999999999993,"children":null},"DecideAction":{"count":226,"self":0.00066599999999999993,"total":0.00066599999999999993,"children":null},"AcademyStep":{"count":226,"self":0.000646,"total":0.000646,"children":null},"AgentAct":{"count":226,"self":0.000667,"total":0.000667,"children":null}}}