{"count":1,"self":363.284992,"total":365.8511769,"children":{"AgentResetIfDone":{"count":9124,"self":0.3254877,"total":0.3254877,"children":null},"AgentSendState":{"count":9124,"self":0.2703305,"total":0.4297627,"children":{"CollectObservations":{"count":9124,"self":0.1594322,"total":0.1594322,"children":null}}},"DecideAction":{"count":9124,"self":0.1879757,"total":0.1879757,"children":null},"AcademyStep":{"count":9124,"self":0.0510715,"total":0.0510715,"children":null},"AgentAct":{"count":9124,"self":1.5688860999999998,"total":1.5688860999999998,"children":null}}}