{"count":1,"self":106.4765376,"total":107.0408501,"children":{"AgentResetIfDone":{"count":5163,"self":0.0959897,"total":0.0959897,"children":null},"AgentSendState":{"count":5163,"self":0.4232952,"total":0.46636449999999996,"children":{"CollectObservations":{"count":5163,"self":0.0430693,"total":0.0430693,"children":null}}}}}