{"count":1,"self":4.5490287999999994,"total":4.5561089,"children":{"AgentResetIfDone":{"count":197,"self":0.0016975999999999998,"total":0.0016975999999999998,"children":null},"AgentSendState":{"count":197,"self":0.0006981,"total":0.0016952,"children":{"CollectObservations":{"count":20,"self":0.0009971,"total":0.0009971,"children":null}}},"DecideAction":{"count":197,"self":0.0009954,"total":0.0009954,"children":null},"AcademyStep":{"count":197,"self":0,"total":0,"children":null},"AgentAct":{"count":197,"self":0.0016948,"total":0.0016948,"children":null}}}