{"count":1,"self":20.9146224,"total":22.229533999999997,"children":{"AgentResetIfDone":{"count":1004,"self":0.011786,"total":0.011786,"children":null},"AgentSendState":{"count":1004,"self":0.0074529999999999996,"total":0.008676,"children":{"CollectObservations":{"count":101,"self":0.001223,"total":0.001223,"children":null}}},"DecideAction":{"count":1004,"self":1.2710919999999999,"total":1.2710919999999999,"children":null},"AcademyStep":{"count":1004,"self":0.002864,"total":0.002864,"children":null},"AgentAct":{"count":1004,"self":0.019291,"total":0.019291,"children":null}}}