{"count":1,"self":22.2617072,"total":23.749897999999998,"children":{"AgentResetIfDone":{"count":1063,"self":0.012079999999999999,"total":0.012079999999999999,"children":null},"AgentSendState":{"count":1063,"self":0.009611999999999999,"total":0.011552999999999999,"children":{"CollectObservations":{"count":535,"self":0.001941,"total":0.001941,"children":null}}},"DecideAction":{"count":1063,"self":1.296012,"total":1.296012,"children":null},"AcademyStep":{"count":1063,"self":0.002351,"total":0.002351,"children":null},"AgentAct":{"count":1063,"self":0.164996,"total":0.164996,"children":null}}}