{"count":1,"self":9.3313855999999991,"total":9.879959,"children":{"AgentResetIfDone":{"count":445,"self":0.006369,"total":0.006369,"children":null},"AgentSendState":{"count":445,"self":0.004885,"total":0.0053609999999999994,"children":{"CollectObservations":{"count":45,"self":0.00047599999999999997,"total":0.00047599999999999997,"children":null}}},"DecideAction":{"count":445,"self":0.512439,"total":0.512439,"children":null},"AcademyStep":{"count":445,"self":0.001397,"total":0.001397,"children":null},"AgentAct":{"count":445,"self":0.02139,"total":0.02139,"children":null}}}